ApplicationId	ApplicationEmail	ApplicationTime	ApplicantFirstName	ApplicantMiddleName	ApplicantLastName	Resume	JobId
4	stanbury.roberts@gmail.com	11/1/2018	Stanbury	K.	Roberts	Stanbury K. Roberts's resume	1
5	marbon.bell@outlook.com	11/1/2018	Mardon		Bell	Mardon Bell's resume	2
6	layne.wood@email.com	11/1/2018	Layne		Wood	Layne Wood's resume	4
7	anderson.rogers@email.com	11/1/2018	Anderson		Rogers	Anderson Roger's resume	3
8	mevlin.peterson@email.com	11/1/2018	Mevlin		Peterson	Mevlin Peterson's resume	2
9	erick.harris@email.com	11/1/2018	Erick		Harris	Erick Harris's resume	1
10	derrek.phillips@email.com	11/2/2018	Derrek		Phillips	Derrek Phillips's resume	4
11	crespin.white@email.com	11/2/2018	Crespin		White	Crespin White's resume	2
13	denham.price@yahoo.com	11/2/2018	Denham		Price	Denham Price's resume	10
14	audel.hughes@hotmail.com	11/2/2018	Audel		Hughes	Audel Hughes's resume	1
15	addy.price@gmail.com	11/2/2018	Addy		Price	Addy Price's resume	9
16	herve.cox@yahoo.com	11/2/2018	Herve	Wilson	Cox	Herve Cox's resume	5
17	landon.peterson@outlook.com	11/2/2018	Landon	S.	Peterson	Landon S. Peterson's resume	5
18	jarren.roberts@gmail.com	11/2/2018	Jarren	M.	Roberts	Jarren M. Roberts's resume	3
19	paisley.adams@email.com	11/2/2018	Paisley		Adams	Paisley Adam's resume	6
20	amherst.wood@email.com	11/2/2018	Amberst		Wood	Amberst Wood's resume	6
21	dillon.phillips@gmail.com	11/2/2018	Dillon		Phillips	Dillion Phillips's resume	6
22	ashlea.martinez@outlook.com	11/2/2018	Ashlea	Lee	Martinez	Ashlea Lee Martinez's resume	9
